{"cameraMode":{"drawMode":0,"name":"Shaded","section":"Shading Mode"},"sceneLighting":true,"audioPlay":false,"sceneViewState":{"m_AlwaysRefresh":false,"showFog":true,"showSkybox":true,"showFlares":true,"showImageEffects":true,"showParticleSystems":true,"showVisualEffectGraphs":true,"m_FxEnabled":false},"in2DMode":false,"pivot":{"x":4.717672824859619,"y":-3.530040740966797,"z":-1.213796854019165},"rotation":{"x":0.6938430666923523,"y":0.0026241643354296686,"z":-0.002501297276467085,"w":0.7201311588287354},"size":14.840856552124024,"orthographic":false}